{
    "name": "root",
    "metadata": {
        "timer_format_version": "0.1.0",
        "start_time_seconds": "1718467258",
        "python_version": "3.9.19 (main, Mar 21 2024, 17:21:27) [MSC v.1916 64 bit (AMD64)]",
        "command_line_arguments": "C:\\Users\\henry\\anaconda3\\envs\\agent2\\Scripts\\mlagents-learn config/config.yaml --run-id=test1 --force",
        "mlagents_version": "0.30.0",
        "mlagents_envs_version": "0.30.0",
        "communication_protocol_version": "1.5.0",
        "pytorch_version": "1.7.1+cu110",
        "numpy_version": "1.21.2",
        "end_time_seconds": "1718467379"
    },
    "total": 121.67169539999999,
    "count": 1,
    "self": 0.014219499999981622,
    "children": {
        "run_training.setup": {
            "total": 0.1684861999999998,
            "count": 1,
            "self": 0.1684861999999998
        },
        "TrainerController.start_learning": {
            "total": 121.4889897,
            "count": 1,
            "self": 0.057115300000049274,
            "children": {
                "TrainerController._reset_env": {
                    "total": 19.969835800000002,
                    "count": 1,
                    "self": 19.969835800000002
                },
                "TrainerController.advance": {
                    "total": 100.97414899999995,
                    "count": 1647,
                    "self": 0.04909049999974968,
                    "children": {
                        "env_step": {
                            "total": 100.04396440000012,
                            "count": 1647,
                            "self": 80.83994250000022,
                            "children": {
                                "SubprocessEnvManager._take_step": {
                                    "total": 19.17290589999995,
                                    "count": 1647,
                                    "self": 0.19729529999991513,
                                    "children": {
                                        "TorchPolicy.evaluate": {
                                            "total": 18.975610600000035,
                                            "count": 1647,
                                            "self": 18.975610600000035
                                        }
                                    }
                                },
                                "workers": {
                                    "total": 0.031115999999954624,
                                    "count": 1646,
                                    "self": 0.0,
                                    "children": {
                                        "worker_root": {
                                            "total": 45.958998499999964,
                                            "count": 1646,
                                            "is_parallel": true,
                                            "self": 30.43635029999995,
                                            "children": {
                                                "steps_from_proto": {
                                                    "total": 0.0010841999999993135,
                                                    "count": 1,
                                                    "is_parallel": true,
                                                    "self": 0.0006987999999985561,
                                                    "children": {
                                                        "_process_rank_one_or_two_observation": {
                                                            "total": 0.00038540000000075736,
                                                            "count": 4,
                                                            "is_parallel": true,
                                                            "self": 0.00038540000000075736
                                                        }
                                                    }
                                                },
                                                "UnityEnvironment.step": {
                                                    "total": 15.521564000000012,
                                                    "count": 1646,
                                                    "is_parallel": true,
                                                    "self": 0.19888130000001425,
                                                    "children": {
                                                        "UnityEnvironment._generate_step_input": {
                                                            "total": 0.17297539999996303,
                                                            "count": 1646,
                                                            "is_parallel": true,
                                                            "self": 0.17297539999996303
                                                        },
                                                        "communicator.exchange": {
                                                            "total": 14.430194500000056,
                                                            "count": 1646,
                                                            "is_parallel": true,
                                                            "self": 14.430194500000056
                                                        },
                                                        "steps_from_proto": {
                                                            "total": 0.7195127999999791,
                                                            "count": 1646,
                                                            "is_parallel": true,
                                                            "self": 0.3844058000002093,
                                                            "children": {
                                                                "_process_rank_one_or_two_observation": {
                                                                    "total": 0.3351069999997698,
                                                                    "count": 6584,
                                                                    "is_parallel": true,
                                                                    "self": 0.3351069999997698
                                                                }
                                                            }
                                                        }
                                                    }
                                                }
                                            }
                                        }
                                    }
                                }
                            }
                        },
                        "trainer_advance": {
                            "total": 0.8810941000000767,
                            "count": 1646,
                            "self": 0.0555259000002124,
                            "children": {
                                "process_trajectory": {
                                    "total": 0.8255681999998643,
                                    "count": 1646,
                                    "self": 0.8255681999998643
                                }
                            }
                        }
                    }
                },
                "TrainerController._save_models": {
                    "total": 0.4878896000000026,
                    "count": 1,
                    "self": 0.03442340000000854,
                    "children": {
                        "RLTrainer._checkpoint": {
                            "total": 0.45346619999999405,
                            "count": 1,